<?xml version="1.0" encoding="utf-8" ?>
<manifest identifier="CPAM" version="1.0" 
       xmlns="http://www.imsproject.org/xsd/imscp_rootv1p1p2"
       xmlns:adlcp="http://www.adlnet.org/xsd/adlcp_rootv1p2"
       xmlns:xsi="http://www.w3.org/2001/XMLSchema-instance"
       xsi:schemaLocation="http://www.imsproject.org/xsd/imscp_rootv1p1p2 imscp_rootv1p1p2.xsd
                           http://www.imsglobal.org/xsd/imsmd_rootv1p2p1 imsmd_rootv1p2p1.xsd
                           http://www.adlnet.org/xsd/adlcp_rootv1p2 adlcp_rootv1p2.xsd">
	<metadata>
		<schema>ADL SCORM</schema>
		<schemaversion>1.2</schemaversion>
		<adlcp:location>metadata.xml</adlcp:location> 
	</metadata>
	<organizations default="CPAM_ORG">
		<organization identifier="CPAM_ORG">
			<title>Cystic Pulmonary Adenomatoid Malformation</title>
			<item identifier="CPAM" isvisible="true" identifierref="CPAM_RES">
				<title>Cystic Pulmonary Adenomatoid Malformation</title>
			</item>
			<metadata>
				<schema>ADL SCORM</schema>
				<schemaversion>1.2</schemaversion>
				<adlcp:location>metadata.xml</adlcp:location> 
			</metadata>	
		</organization>
	</organizations>
	<resources>
		<resource identifier="CPAM_RES" type="webcontent" href="index_scorm.html" adlcp:scormtype="sco">
			
			<metadata>
				<schema>ADL SCORM</schema>
				<schemaversion>1.2</schemaversion>
				<adlcp:location>metadata.xml</adlcp:location> 
			</metadata>
			
			<file href="ar/116785.mp3"/>
		    <file href="index_scorm.html"/>
			<file href="scormdriver.js"/>
			<file href="browsersniff.js"/>
			
<file href="ar/116869.mp3"/> 
<file href="ar/116881.mp3"/> 
<file href="ar/116885.mp3"/> 
<file href="ar/116889.mp3"/> 
<file href="ar/116897.mp3"/> 
<file href="ar/116901.mp3"/> 
<file href="ar/116905.mp3"/> 
<file href="ar/116921.mp3"/> 
<file href="ar/116973.mp3"/> 
<file href="ar/116981.mp3"/> 
<file href="ar/117019.mp3"/> 
<file href="ar/117023.mp3"/> 
<file href="ar/117027.mp3"/> 
<file href="ar/117053.mp3"/> 
<file href="ar/117065.mp3"/> 
<file href="ar/117073.mp3"/> 
<file href="ar/117077.mp3"/> 
<file href="ar/117127.mp3"/> 
<file href="ar/117133.mp3"/> 
<file href="ar/117137.mp3"/> 
<file href="ar/117183.mp3"/> 
<file href="ar/117189.mp3"/> 
<file href="ar/117191.mp3"/> 
<file href="ar/117273.mp3"/> 
<file href="ar/117275.mp3"/> 
<file href="ar/117277.mp3"/> 
<file href="ar/117283.mp3"/> 
<file href="ar/117289.mp3"/> 
<file href="ar/117291.mp3"/> 
<file href="ar/117293.mp3"/> 
<file href="ar/117295.mp3"/> 
<file href="ar/117297.mp3"/> 
<file href="ar/117299.mp3"/> 
<file href="ar/117303.mp3"/> 
<file href="ar/117305.mp3"/> 
<file href="ar/117307.mp3"/> 
<file href="ar/117431.mp3"/> 
<file href="ar/117435.mp3"/> 
<file href="ar/117437.mp3"/> 
<file href="ar/117481.mp3"/> 
<file href="ar/117485.mp3"/> 
<file href="ar/117810.mp3"/> 
<file href="ar/118951.mp3"/> 
<file href="ar/119242.mp3"/> 
<file href="ar/119244.mp3"/> 
<file href="ar/120135.mp3"/> 
<file href="ar/120137.mp3"/> 
<file href="ar/120139.mp3"/> 
<file href="ar/99232.mp3"/> 
<file href="ar/Mouse.mp3"/> 
<file href="assets/TOC_icons/collapseIcon.png"/> 
<file href="assets/TOC_icons/expandIcon.png"/> 
<file href="assets/TOC_icons/photo.png"/> 
<file href="assets/css/CPLibraryAll.css"/> 
<file href="assets/css/start/images/animated-overlay.gif"/> 
<file href="assets/css/start/images/ui-bg_flat_55_999999_40x100.png"/> 
<file href="assets/css/start/images/ui-bg_flat_75_aaaaaa_40x100.png"/> 
<file href="assets/css/start/images/ui-bg_glass_45_0078ae_1x400.png"/> 
<file href="assets/css/start/images/ui-bg_glass_55_f8da4e_1x400.png"/> 
<file href="assets/css/start/images/ui-bg_glass_75_79c9ec_1x400.png"/> 
<file href="assets/css/start/images/ui-bg_gloss-wave_45_e14f1c_500x100.png"/> 
<file href="assets/css/start/images/ui-bg_gloss-wave_50_6eac2c_500x100.png"/> 
<file href="assets/css/start/images/ui-bg_gloss-wave_75_2191c0_500x100.png"/> 
<file href="assets/css/start/images/ui-bg_inset-hard_100_fcfdfd_1x100.png"/> 
<file href="assets/css/start/images/ui-icons_0078ae_256x240.png"/> 
<file href="assets/css/start/images/ui-icons_056b93_256x240.png"/> 
<file href="assets/css/start/images/ui-icons_d8e7f3_256x240.png"/> 
<file href="assets/css/start/images/ui-icons_e0fdff_256x240.png"/> 
<file href="assets/css/start/images/ui-icons_f5e175_256x240.png"/> 
<file href="assets/css/start/images/ui-icons_f7a50d_256x240.png"/> 
<file href="assets/css/start/images/ui-icons_fcd113_256x240.png"/> 
<file href="assets/css/start/jquery-ui-1.11.4.custom.css"/> 
<file href="assets/css/start/jquery-ui-1.11.4.custom.min.css"/> 
<file href="assets/htmlimages/Pause.gif"/> 
<file href="assets/htmlimages/Pause2x.gif"/> 
<file href="assets/htmlimages/Play.gif"/> 
<file href="assets/htmlimages/Play2x.gif"/> 
<file href="assets/htmlimages/Play_icon.png"/> 
<file href="assets/htmlimages/arrow_right.gif"/> 
<file href="assets/htmlimages/ccClose.png"/> 
<file href="assets/htmlimages/checkBox_disabled.png"/> 
<file href="assets/htmlimages/checkBox_normal.png"/> 
<file href="assets/htmlimages/checkBox_selected.png"/> 
<file href="assets/htmlimages/checkBox_selectedDisabled.png"/> 
<file href="assets/htmlimages/closeReviewButton.png"/> 
<file href="assets/htmlimages/correct_answer_normal.png"/> 
<file href="assets/htmlimages/correct_answer_small.png"/> 
<file href="assets/htmlimages/correct_question_normal.png"/> 
<file href="assets/htmlimages/correct_question_small.png"/> 
<file href="assets/htmlimages/dd_arrow.png"/> 
<file href="assets/htmlimages/gesturemobileicon.png"/> 
<file href="assets/htmlimages/gesturemobileicon@2x.png"/> 
<file href="assets/htmlimages/gesturemobileimage2.png"/> 
<file href="assets/htmlimages/gesturemobilelandscape.png"/> 
<file href="assets/htmlimages/gesturetabletimage.png"/> 
<file href="assets/htmlimages/hotspot.gif"/> 
<file href="assets/htmlimages/hotspot_correct_answer_normal.png"/> 
<file href="assets/htmlimages/hotspot_incorrect_answer_normal.png"/> 
<file href="assets/htmlimages/img_trans.gif"/> 
<file href="assets/htmlimages/incorrect_answer_normal.png"/> 
<file href="assets/htmlimages/incorrect_answer_small.png"/> 
<file href="assets/htmlimages/incorrect_question_normal.png"/> 
<file href="assets/htmlimages/incorrect_question_small.png"/> 
<file href="assets/htmlimages/loader.gif"/> 
<file href="assets/htmlimages/loader_transparent.gif"/> 
<file href="assets/htmlimages/movieexpire.png"/> 
<file href="assets/htmlimages/partial_correct_question_normal.png"/> 
<file href="assets/htmlimages/partial_correct_question_small.png"/> 
<file href="assets/htmlimages/placeholder.png"/> 
<file href="assets/htmlimages/radioButton_disabled.png"/> 
<file href="assets/htmlimages/radioButton_normal.png"/> 
<file href="assets/htmlimages/radioButton_selected.png"/> 
<file href="assets/htmlimages/radioButton_selectedDisabled.png"/> 
<file href="assets/htmlimages/sequenceReview.png"/> 
<file href="assets/htmlimages/skip_answer_normal.png"/> 
<file href="assets/htmlimages/skip_answer_small.png"/> 
<file href="assets/htmlimages/skip_question_normal.png"/> 
<file href="assets/htmlimages/skip_question_small.png"/> 
<file href="assets/htmlimages/toc.png"/> 
<file href="assets/htmlimages/vidbg.png"/> 
<file href="assets/htmlimages/vidfullscreen.png"/> 
<file href="assets/htmlimages/vidpause.png"/> 
<file href="assets/htmlimages/vidplay.png"/> 
<file href="assets/htmlimages/vidrewind.png"/> 
<file href="assets/htmlimages/vidslider.png"/> 
<file href="assets/htmlimages/vidstop.png"/> 
<file href="assets/htmlimages/vidvolume.png"/> 
<file href="assets/htmlimages/vidvolume2.png"/> 
<file href="assets/htmlimages/vidvolumemute.png"/> 
<file href="assets/js/CPM.js"/> 
<file href="assets/js/CPXHRLoader.js"/> 
<file href="assets/js/jquery-1.11.3.min.js"/> 
<file href="assets/playbar/PlaybarIcons/AudioOff.png"/> 
<file href="assets/playbar/PlaybarIcons/AudioOn.png"/> 
<file href="assets/playbar/PlaybarIcons/BackGround.png"/> 
<file href="assets/playbar/PlaybarIcons/Backward.png"/> 
<file href="assets/playbar/PlaybarIcons/CC.png"/> 
<file href="assets/playbar/PlaybarIcons/Color.png"/> 
<file href="assets/playbar/PlaybarIcons/ColorSmall.png"/> 
<file href="assets/playbar/PlaybarIcons/Exit.png"/> 
<file href="assets/playbar/PlaybarIcons/FastForward.png"/> 
<file href="assets/playbar/PlaybarIcons/FastForward1.png"/> 
<file href="assets/playbar/PlaybarIcons/FastForward2.png"/> 
<file href="assets/playbar/PlaybarIcons/Forward.png"/> 
<file href="assets/playbar/PlaybarIcons/Glow.png"/> 
<file href="assets/playbar/PlaybarIcons/GlowSmall.png"/> 
<file href="assets/playbar/PlaybarIcons/Height.png"/> 
<file href="assets/playbar/PlaybarIcons/Pause.png"/> 
<file href="assets/playbar/PlaybarIcons/Play.png"/> 
<file href="assets/playbar/PlaybarIcons/Play_icon.png"/> 
<file href="assets/playbar/PlaybarIcons/Progress.png"/> 
<file href="assets/playbar/PlaybarIcons/Rewind.png"/> 
<file href="assets/playbar/PlaybarIcons/Stroke.png"/> 
<file href="assets/playbar/PlaybarIcons/StrokeSmall.png"/> 
<file href="assets/playbar/PlaybarIcons/TOC.png"/> 
<file href="assets/playbar/PlaybarIcons/Thumb.png"/> 
<file href="assets/playbar/PlaybarIcons/ThumbBase.png"/> 
<file href="assets/playbar/playbarScript.js"/> 
<file href="assets/toc/tocIcons/blankBookmark.png"/> 
<file href="assets/toc/tocIcons/clear.png"/> 
<file href="assets/toc/tocIcons/expander.png"/> 
<file href="assets/toc/tocIcons/fullBookmark.png"/> 
<file href="assets/toc/tocIcons/go.png"/> 
<file href="assets/toc/tocIcons/infoClose.png"/> 
<file href="assets/toc/tocIcons/moreinfo.png"/> 
<file href="assets/toc/tocIcons/searchBtnNormal.png"/> 
<file href="assets/toc/tocIcons/searchBtnSelect.png"/> 
<file href="assets/toc/tocIcons/visited.png"/> 
<file href="dr/img1.json"/> 
<file href="dr/img2.json"/> 
<file href="dr/img3.json"/> 
<file href="dr/img4.json"/> 
<file href="dr/imgmd.json"/> 
<file href="goodbye.html"/> 
<file href="index_scorm.html"/> 
<file href="project.txt"/> 
<file href="vr/Vi10.mp4"/> 
<file href="vr/Vi12.mp4"/> 
<file href="vr/Vi14.mp4"/> 
<file href="vr/Vi2.mp4"/> 
<file href="vr/Vi4.mp4"/> 
<file href="vr/Vi6.mp4"/> 
<file href="vr/Vi8.mp4"/> 
<file href="Utilities.js"/> 
		</resource>
	</resources>
</manifest>
